{
  "dataset_size": 9564,
  "train_size": 7651,
  "test_size": 1913,
  "classes": [
    "CANDIDATE",
    "CONFIRMED",
    "FALSE POSITIVE"
  ],
  "random_forest": {
    "accuracy": 0.854678515420805,
    "macro_f1": 0.821953264134764
  },
  "xgboost_clean": {
    "accuracy": 0.8531102979613173,
    "macro_f1": 0.8170351058108206,
    "per_class_report": {
      "CANDIDATE": {
        "precision": 0.7,
        "recall": 0.601010101010101,
        "f1-score": 0.6467391304347826,
        "support": 396.0
      },
      "CONFIRMED": {
        "precision": 0.891459074733096,
        "recall": 0.912568306010929,
        "f1-score": 0.9018901890189019,
        "support": 549.0
      },
      "FALSE POSITIVE": {
        "precision": 0.8832838773491593,
        "recall": 0.9225206611570248,
        "f1-score": 0.9024759979787772,
        "support": 968.0
      },
      "accuracy": 0.8531102979613173,
      "macro avg": {
        "precision": 0.8249143173607517,
        "recall": 0.8120330227260183,
        "f1-score": 0.8170351058108206,
        "support": 1913.0
      },
      "weighted avg": {
        "precision": 0.8476894016217752,
        "recall": 0.8531102979613173,
        "f1-score": 0.8493691455656076,
        "support": 1913.0
      }
    }
  },
  "binary_planet_vs_fp": {
    "roc_auc": 0.971613319340592,
    "pr_auc": 0.9730493557818461
  },
  "leakage_ablation": {
    "accuracy_with_leakage": 0.9435441714584423,
    "macro_f1_with_leakage": 0.9232579558927481,
    "accuracy_without_leakage": 0.8531102979613173,
    "explanation": "koi_score/koi_fpflag_* directly encode NASA's vetting decision and were excluded from the real model."
  },
  "top_10_features": {
    "koi_count": 0.1598242223262787,
    "koi_prad": 0.10433295369148254,
    "koi_dikco_msky": 0.08295226842164993,
    "log_koi_model_snr": 0.07360076159238815,
    "log_koi_max_mult_ev": 0.06072641536593437,
    "koi_dicco_msky": 0.05997268855571747,
    "log_koi_dor": 0.05295150354504585,
    "koi_fwm_stat_sig": 0.044706206768751144,
    "koi_ror": 0.044478558003902435,
    "log_koi_period": 0.040101807564496994
  }
}